Workbook

Sheet 生徒管理
A1: 生徒名 | B1: 購入日 | C1: パッケージ | D1: 購入回数 | E1: 消化回数 | F1: 残り回数 | G1: 単価 | H1: 通貨 | I1: 状態 | J1: 最終レッスン日 | K1: 備考
A2: 例：陳小美 | B2: 2026-05-01 | C2: 20回パッケージ | D2: 20 | E2: =COUNTIF(レッスン履歴!$B$2:$B$1000,A2) -> 2 | F2: =D2-E2 -> 18 | G2: 700 | H2: TWD | I2: =IF(F2<=0,"要更新",IF(F2<=2,"残りわずか","OK")) -> OK | J2: =IFERROR(MAX(IF(レッスン履歴!$B$2:$B$1000=A2,レッスン履歴!$A$2:$A$1000)),"") -> 0
A3: 例：林さん | B3: 2026-06-10 | C3: 10回パッケージ | D3: 10 | E3: =COUNTIF(レッスン履歴!$B$2:$B$1000,A3) -> 1 | F3: =D3-E3 -> 9 | G3: 700 | H3: TWD | I3: =IF(F3<=0,"要更新",IF(F3<=2,"残りわずか","OK")) -> OK | J3: =IFERROR(MAX(IF(レッスン履歴!$B$2:$B$1000=A3,レッスン履歴!$A$2:$A$1000)),"") -> 0
E4: =IF(A4="","",COUNTIF(レッスン履歴!$B$2:$B$1000,A4)) | F4: =IF(A4="","",D4-E4) | I4: =IF(A4="","",IF(F4<=0,"要更新",IF(F4<=2,"残りわずか","OK"))) | J4: =IF(A4="","",IFERROR(MAX(IF(レッスン履歴!$B$2:$B$1000=A4,レッスン履歴!$A$2:$A$1000)),""))
E5: =IF(A5="","",COUNTIF(レッスン履歴!$B$2:$B$1000,A5)) | F5: =IF(A5="","",D5-E5) | I5: =IF(A5="","",IF(F5<=0,"要更新",IF(F5<=2,"残りわずか","OK"))) | J5: =IF(A5="","",IFERROR(MAX(IF(レッスン履歴!$B$2:$B$1000=A5,レッスン履歴!$A$2:$A$1000)),""))
E6: =IF(A6="","",COUNTIF(レッスン履歴!$B$2:$B$1000,A6)) | F6: =IF(A6="","",D6-E6) | I6: =IF(A6="","",IF(F6<=0,"要更新",IF(F6<=2,"残りわずか","OK"))) | J6: =IF(A6="","",IFERROR(MAX(IF(レッスン履歴!$B$2:$B$1000=A6,レッスン履歴!$A$2:$A$1000)),""))
E7: =IF(A7="","",COUNTIF(レッスン履歴!$B$2:$B$1000,A7)) | F7: =IF(A7="","",D7-E7) | I7: =IF(A7="","",IF(F7<=0,"要更新",IF(F7<=2,"残りわずか","OK"))) | J7: =IF(A7="","",IFERROR(MAX(IF(レッスン履歴!$B$2:$B$1000=A7,レッスン履歴!$A$2:$A$1000)),""))
E8: =IF(A8="","",COUNTIF(レッスン履歴!$B$2:$B$1000,A8)) | F8: =IF(A8="","",D8-E8) | I8: =IF(A8="","",IF(F8<=0,"要更新",IF(F8<=2,"残りわずか","OK"))) | J8: =IF(A8="","",IFERROR(MAX(IF(レッスン履歴!$B$2:$B$1000=A8,レッスン履歴!$A$2:$A$1000)),""))
E9: =IF(A9="","",COUNTIF(レッスン履歴!$B$2:$B$1000,A9)) | F9: =IF(A9="","",D9-E9) | I9: =IF(A9="","",IF(F9<=0,"要更新",IF(F9<=2,"残りわずか","OK"))) | J9: =IF(A9="","",IFERROR(MAX(IF(レッスン履歴!$B$2:$B$1000=A9,レッスン履歴!$A$2:$A$1000)),""))
E10: =IF(A10="","",COUNTIF(レッスン履歴!$B$2:$B$1000,A10)) | F10: =IF(A10="","",D10-E10) | I10: =IF(A10="","",IF(F10<=0,"要更新",IF(F10<=2,"残りわずか","OK"))) | J10: =IF(A10="","",IFERROR(MAX(IF(レッスン履歴!$B$2:$B$1000=A10,レッスン履歴!$A$2:$A$1000)),""))
E11: =IF(A11="","",COUNTIF(レッスン履歴!$B$2:$B$1000,A11)) | F11: =IF(A11="","",D11-E11) | I11: =IF(A11="","",IF(F11<=0,"要更新",IF(F11<=2,"残りわずか","OK"))) | J11: =IF(A11="","",IFERROR(MAX(IF(レッスン履歴!$B$2:$B$1000=A11,レッスン履歴!$A$2:$A$1000)),""))
E12: =IF(A12="","",COUNTIF(レッスン履歴!$B$2:$B$1000,A12)) | F12: =IF(A12="","",D12-E12) | I12: =IF(A12="","",IF(F12<=0,"要更新",IF(F12<=2,"残りわずか","OK"))) | J12: =IF(A12="","",IFERROR(MAX(IF(レッスン履歴!$B$2:$B$1000=A12,レッスン履歴!$A$2:$A$1000)),""))
E13: =IF(A13="","",COUNTIF(レッスン履歴!$B$2:$B$1000,A13)) | F13: =IF(A13="","",D13-E13) | I13: =IF(A13="","",IF(F13<=0,"要更新",IF(F13<=2,"残りわずか","OK"))) | J13: =IF(A13="","",IFERROR(MAX(IF(レッスン履歴!$B$2:$B$1000=A13,レッスン履歴!$A$2:$A$1000)),""))
E14: =IF(A14="","",COUNTIF(レッスン履歴!$B$2:$B$1000,A14)) | F14: =IF(A14="","",D14-E14) | I14: =IF(A14="","",IF(F14<=0,"要更新",IF(F14<=2,"残りわずか","OK"))) | J14: =IF(A14="","",IFERROR(MAX(IF(レッスン履歴!$B$2:$B$1000=A14,レッスン履歴!$A$2:$A$1000)),""))
E15: =IF(A15="","",COUNTIF(レッスン履歴!$B$2:$B$1000,A15)) | F15: =IF(A15="","",D15-E15) | I15: =IF(A15="","",IF(F15<=0,"要更新",IF(F15<=2,"残りわずか","OK"))) | J15: =IF(A15="","",IFERROR(MAX(IF(レッスン履歴!$B$2:$B$1000=A15,レッスン履歴!$A$2:$A$1000)),""))
... E30: =IF(A30="","",COUNTIF(レッスン履歴!$B$2:$B$1000,A30)) | F30: =IF(A30="","",D30-E30) | I30: =IF(A30="","",IF(F30<=0,"要更新",IF(F30<=2,"残りわずか","OK"))) | J30: =IF(A30="","",IFERROR(MAX(IF(レッスン履歴!$B$2:$B$1000=A30,レッスン履歴!$A$2:$A$1000)),""))

Sheet レッスン履歴
A1: 日付 | B1: 生徒名 | C1: レッスン内容 | D1: 備考
A2: 2026-05-08 | B2: 例：陳小美 | C2: フリートーク
A3: 2026-05-15 | B3: 例：陳小美 | C3: 文法復習
A4: 2026-06-12 | B4: 例：林さん | C4: 旅行日本語

Sheet 使い方
A1: 【使い方 / How to use】
A3: ① 「生徒管理」シート：
A4: ・新しい生徒が購入したら、生徒名・購入日・パッケージ・購入回数・単価・通貨を入力してください。
A5: ・「消化回数」「残り回数」「状態」「最終レッスン日」は自動計算されるので入力不要です。
A6: ・状態が「残りわずか」（黄色）や「要更新」（赤色）になったら、追加購入のご案内をしてください。
A8: ② 「レッスン履歴」シート：
A9: ・レッスンを実施するたびに、日付・生徒名（生徒管理と同じ表記）・レッスン内容を1行ずつ入力してください。
A10: ・ここに入力した回数が自動的に「生徒管理」シートの消化回数に反映されます。
A12: ③ 生徒名は「生徒管理」と「レッスン履歴」で必ず同じ表記にしてください（例：スペースや全角/半角の違いに注意）。
